Overall_Accuracy,Micro_Precision,Macro_Precision,Micro_Recall,Macro_Recall
0.7988505747126436,0.7988505747126436,0.7505424094088146,0.7988505747126436,0.7336104899105471
