Overall_Accuracy,Micro_Precision,Macro_Precision,Micro_Recall,Macro_Recall
0.8524904214559387,0.8524904214559387,0.8237507783312579,0.8524904214559387,0.7786029271548436
