Overall_Accuracy,Micro_Precision,Macro_Precision,Micro_Recall,Macro_Recall
0.7318007662835249,0.7318007662835249,0.6231626462808378,0.7318007662835249,0.5894036907981416
